{
  "AWSTemplateFormatVersion": "2010-09-09",
  "Description": "The AWS CloudFormation template for this Serverless application",
  "Resources": {
    "ServerlessDeploymentBucket": {
      "Type": "AWS::S3::Bucket"
    },
    "LoginLogGroup": {
      "Type": "AWS::Logs::LogGroup",
      "Properties": {
        "LogGroupName": "/aws/lambda/autenticacao-dev-login"
      }
    },
    "CreateUserLogGroup": {
      "Type": "AWS::Logs::LogGroup",
      "Properties": {
        "LogGroupName": "/aws/lambda/autenticacao-dev-createUser"
      }
    },
    "DeleteUserLogGroup": {
      "Type": "AWS::Logs::LogGroup",
      "Properties": {
        "LogGroupName": "/aws/lambda/autenticacao-dev-deleteUser"
      }
    },
    "IamRoleLambdaExecution": {
      "Type": "AWS::IAM::Role",
      "Properties": {
        "AssumeRolePolicyDocument": {
          "Version": "2012-10-17",
          "Statement": [
            {
              "Effect": "Allow",
              "Principal": {
                "Service": [
                  "lambda.amazonaws.com"
                ]
              },
              "Action": [
                "sts:AssumeRole"
              ]
            }
          ]
        },
        "Policies": [
          {
            "PolicyName": {
              "Fn::Join": [
                "-",
                [
                  "dev",
                  "autenticacao",
                  "lambda"
                ]
              ]
            },
            "PolicyDocument": {
              "Version": "2012-10-17",
              "Statement": [
                {
                  "Effect": "Allow",
                  "Action": [
                    "logs:CreateLogStream"
                  ],
                  "Resource": [
                    {
                      "Fn::Sub": "arn:${AWS::Partition}:logs:${AWS::Region}:${AWS::AccountId}:log-group:/aws/lambda/autenticacao-dev-login:*"
                    },
                    {
                      "Fn::Sub": "arn:${AWS::Partition}:logs:${AWS::Region}:${AWS::AccountId}:log-group:/aws/lambda/autenticacao-dev-createUser:*"
                    },
                    {
                      "Fn::Sub": "arn:${AWS::Partition}:logs:${AWS::Region}:${AWS::AccountId}:log-group:/aws/lambda/autenticacao-dev-deleteUser:*"
                    }
                  ]
                },
                {
                  "Effect": "Allow",
                  "Action": [
                    "logs:PutLogEvents"
                  ],
                  "Resource": [
                    {
                      "Fn::Sub": "arn:${AWS::Partition}:logs:${AWS::Region}:${AWS::AccountId}:log-group:/aws/lambda/autenticacao-dev-login:*:*"
                    },
                    {
                      "Fn::Sub": "arn:${AWS::Partition}:logs:${AWS::Region}:${AWS::AccountId}:log-group:/aws/lambda/autenticacao-dev-createUser:*:*"
                    },
                    {
                      "Fn::Sub": "arn:${AWS::Partition}:logs:${AWS::Region}:${AWS::AccountId}:log-group:/aws/lambda/autenticacao-dev-deleteUser:*:*"
                    }
                  ]
                },
                {
                  "Effect": "Allow",
                  "Action": [
                    "dynamodb:Query",
                    "dynamodb:Scan",
                    "dynamodb:GetItem",
                    "dynamodb:PutItem",
                    "dynamodb:UpdateItem",
                    "dynamodb:DeleteItem"
                  ],
                  "Resource": [
                    {
                      "Fn::GetAtt": [
                        "Usuarios",
                        "Arn"
                      ]
                    },
                    {
                      "Fn::Join": [
                        "/",
                        [
                          {
                            "Fn::GetAtt": [
                              "Usuarios",
                              "Arn"
                            ]
                          },
                          "index",
                          "roomIndex"
                        ]
                      ]
                    },
                    {
                      "Fn::Join": [
                        "/",
                        [
                          {
                            "Fn::GetAtt": [
                              "Usuarios",
                              "Arn"
                            ]
                          },
                          "index",
                          "userIndex"
                        ]
                      ]
                    }
                  ]
                }
              ]
            }
          }
        ],
        "Path": "/",
        "RoleName": {
          "Fn::Join": [
            "-",
            [
              "autenticacao",
              "dev",
              "us-east-2",
              "lambdaRole"
            ]
          ]
        }
      }
    },
    "LoginLambdaFunction": {
      "Type": "AWS::Lambda::Function",
      "Properties": {
        "Code": {
          "S3Bucket": {
            "Ref": "ServerlessDeploymentBucket"
          },
          "S3Key": "serverless/autenticacao/dev/1534942789505-2018-08-22T12:59:49.505Z/autenticacao.zip"
        },
        "FunctionName": "autenticacao-dev-login",
        "Handler": "handler.authenticate",
        "MemorySize": 128,
        "Role": {
          "Fn::GetAtt": [
            "IamRoleLambdaExecution",
            "Arn"
          ]
        },
        "Runtime": "nodejs8.10",
        "Timeout": 6,
        "Environment": {
          "Variables": {
            "USUARIOS_TABLE": "Usuarios-dev",
            "AWS_DEPLOY_REGION": "us-east-2",
            "JWT_ENCRYPTION_CODE": "CE2784CB-EFF6-4AFB-A56F-5EF156E85F80"
          }
        }
      },
      "DependsOn": [
        "LoginLogGroup",
        "IamRoleLambdaExecution"
      ]
    },
    "LoginLambdaVersioniiPgZHv44hIo3SMswBeToMi34gQyBm8WSGV2pnY": {
      "Type": "AWS::Lambda::Version",
      "DeletionPolicy": "Retain",
      "Properties": {
        "FunctionName": {
          "Ref": "LoginLambdaFunction"
        },
        "CodeSha256": "hjAjxvODUQG4s8uepAETPwLB0/HL+hQyFCGNy8Mx/KA="
      }
    },
    "CreateUserLambdaFunction": {
      "Type": "AWS::Lambda::Function",
      "Properties": {
        "Code": {
          "S3Bucket": {
            "Ref": "ServerlessDeploymentBucket"
          },
          "S3Key": "serverless/autenticacao/dev/1534942789505-2018-08-22T12:59:49.505Z/autenticacao.zip"
        },
        "FunctionName": "autenticacao-dev-createUser",
        "Handler": "handler.createUser",
        "MemorySize": 128,
        "Role": {
          "Fn::GetAtt": [
            "IamRoleLambdaExecution",
            "Arn"
          ]
        },
        "Runtime": "nodejs8.10",
        "Timeout": 6,
        "Environment": {
          "Variables": {
            "USUARIOS_TABLE": "Usuarios-dev",
            "AWS_DEPLOY_REGION": "us-east-2",
            "JWT_ENCRYPTION_CODE": "CE2784CB-EFF6-4AFB-A56F-5EF156E85F80"
          }
        }
      },
      "DependsOn": [
        "CreateUserLogGroup",
        "IamRoleLambdaExecution"
      ]
    },
    "CreateUserLambdaVersion4XnqcDR2jP3oOyPfKunsyHCrL7EXjpv6G0zxhVxaY": {
      "Type": "AWS::Lambda::Version",
      "DeletionPolicy": "Retain",
      "Properties": {
        "FunctionName": {
          "Ref": "CreateUserLambdaFunction"
        },
        "CodeSha256": "hjAjxvODUQG4s8uepAETPwLB0/HL+hQyFCGNy8Mx/KA="
      }
    },
    "DeleteUserLambdaFunction": {
      "Type": "AWS::Lambda::Function",
      "Properties": {
        "Code": {
          "S3Bucket": {
            "Ref": "ServerlessDeploymentBucket"
          },
          "S3Key": "serverless/autenticacao/dev/1534942789505-2018-08-22T12:59:49.505Z/autenticacao.zip"
        },
        "FunctionName": "autenticacao-dev-deleteUser",
        "Handler": "handler.deleteUser",
        "MemorySize": 128,
        "Role": {
          "Fn::GetAtt": [
            "IamRoleLambdaExecution",
            "Arn"
          ]
        },
        "Runtime": "nodejs8.10",
        "Timeout": 6,
        "Environment": {
          "Variables": {
            "USUARIOS_TABLE": "Usuarios-dev",
            "AWS_DEPLOY_REGION": "us-east-2",
            "JWT_ENCRYPTION_CODE": "CE2784CB-EFF6-4AFB-A56F-5EF156E85F80"
          }
        }
      },
      "DependsOn": [
        "DeleteUserLogGroup",
        "IamRoleLambdaExecution"
      ]
    },
    "DeleteUserLambdaVersionfxhJQ06iCfb73K7DylCLn1VkI0q0xbByqp35xDhOM": {
      "Type": "AWS::Lambda::Version",
      "DeletionPolicy": "Retain",
      "Properties": {
        "FunctionName": {
          "Ref": "DeleteUserLambdaFunction"
        },
        "CodeSha256": "hjAjxvODUQG4s8uepAETPwLB0/HL+hQyFCGNy8Mx/KA="
      }
    },
    "ApiGatewayRestApi": {
      "Type": "AWS::ApiGateway::RestApi",
      "Properties": {
        "Name": "dev-autenticacao",
        "EndpointConfiguration": {
          "Types": [
            "EDGE"
          ]
        }
      }
    },
    "ApiGatewayResourceLogin": {
      "Type": "AWS::ApiGateway::Resource",
      "Properties": {
        "ParentId": {
          "Fn::GetAtt": [
            "ApiGatewayRestApi",
            "RootResourceId"
          ]
        },
        "PathPart": "login",
        "RestApiId": {
          "Ref": "ApiGatewayRestApi"
        }
      }
    },
    "ApiGatewayResourceUsers": {
      "Type": "AWS::ApiGateway::Resource",
      "Properties": {
        "ParentId": {
          "Fn::GetAtt": [
            "ApiGatewayRestApi",
            "RootResourceId"
          ]
        },
        "PathPart": "users",
        "RestApiId": {
          "Ref": "ApiGatewayRestApi"
        }
      }
    },
    "ApiGatewayMethodLoginPost": {
      "Type": "AWS::ApiGateway::Method",
      "Properties": {
        "HttpMethod": "POST",
        "RequestParameters": {},
        "ResourceId": {
          "Ref": "ApiGatewayResourceLogin"
        },
        "RestApiId": {
          "Ref": "ApiGatewayRestApi"
        },
        "ApiKeyRequired": false,
        "AuthorizationType": "NONE",
        "Integration": {
          "IntegrationHttpMethod": "POST",
          "Type": "AWS_PROXY",
          "Uri": {
            "Fn::Join": [
              "",
              [
                "arn:",
                {
                  "Ref": "AWS::Partition"
                },
                ":apigateway:",
                {
                  "Ref": "AWS::Region"
                },
                ":lambda:path/2015-03-31/functions/",
                {
                  "Fn::GetAtt": [
                    "LoginLambdaFunction",
                    "Arn"
                  ]
                },
                "/invocations"
              ]
            ]
          }
        },
        "MethodResponses": []
      }
    },
    "ApiGatewayMethodUsersPost": {
      "Type": "AWS::ApiGateway::Method",
      "Properties": {
        "HttpMethod": "POST",
        "RequestParameters": {},
        "ResourceId": {
          "Ref": "ApiGatewayResourceUsers"
        },
        "RestApiId": {
          "Ref": "ApiGatewayRestApi"
        },
        "ApiKeyRequired": false,
        "AuthorizationType": "NONE",
        "Integration": {
          "IntegrationHttpMethod": "POST",
          "Type": "AWS_PROXY",
          "Uri": {
            "Fn::Join": [
              "",
              [
                "arn:",
                {
                  "Ref": "AWS::Partition"
                },
                ":apigateway:",
                {
                  "Ref": "AWS::Region"
                },
                ":lambda:path/2015-03-31/functions/",
                {
                  "Fn::GetAtt": [
                    "CreateUserLambdaFunction",
                    "Arn"
                  ]
                },
                "/invocations"
              ]
            ]
          }
        },
        "MethodResponses": []
      }
    },
    "ApiGatewayMethodUsersDelete": {
      "Type": "AWS::ApiGateway::Method",
      "Properties": {
        "HttpMethod": "DELETE",
        "RequestParameters": {},
        "ResourceId": {
          "Ref": "ApiGatewayResourceUsers"
        },
        "RestApiId": {
          "Ref": "ApiGatewayRestApi"
        },
        "ApiKeyRequired": false,
        "AuthorizationType": "NONE",
        "Integration": {
          "IntegrationHttpMethod": "POST",
          "Type": "AWS_PROXY",
          "Uri": {
            "Fn::Join": [
              "",
              [
                "arn:",
                {
                  "Ref": "AWS::Partition"
                },
                ":apigateway:",
                {
                  "Ref": "AWS::Region"
                },
                ":lambda:path/2015-03-31/functions/",
                {
                  "Fn::GetAtt": [
                    "DeleteUserLambdaFunction",
                    "Arn"
                  ]
                },
                "/invocations"
              ]
            ]
          }
        },
        "MethodResponses": []
      }
    },
    "ApiGatewayDeployment1534942789535": {
      "Type": "AWS::ApiGateway::Deployment",
      "Properties": {
        "RestApiId": {
          "Ref": "ApiGatewayRestApi"
        },
        "StageName": "dev"
      },
      "DependsOn": [
        "ApiGatewayMethodLoginPost",
        "ApiGatewayMethodUsersPost",
        "ApiGatewayMethodUsersDelete"
      ]
    },
    "LoginLambdaPermissionApiGateway": {
      "Type": "AWS::Lambda::Permission",
      "Properties": {
        "FunctionName": {
          "Fn::GetAtt": [
            "LoginLambdaFunction",
            "Arn"
          ]
        },
        "Action": "lambda:InvokeFunction",
        "Principal": {
          "Fn::Join": [
            "",
            [
              "apigateway.",
              {
                "Ref": "AWS::URLSuffix"
              }
            ]
          ]
        },
        "SourceArn": {
          "Fn::Join": [
            "",
            [
              "arn:",
              {
                "Ref": "AWS::Partition"
              },
              ":execute-api:",
              {
                "Ref": "AWS::Region"
              },
              ":",
              {
                "Ref": "AWS::AccountId"
              },
              ":",
              {
                "Ref": "ApiGatewayRestApi"
              },
              "/*/*"
            ]
          ]
        }
      }
    },
    "CreateUserLambdaPermissionApiGateway": {
      "Type": "AWS::Lambda::Permission",
      "Properties": {
        "FunctionName": {
          "Fn::GetAtt": [
            "CreateUserLambdaFunction",
            "Arn"
          ]
        },
        "Action": "lambda:InvokeFunction",
        "Principal": {
          "Fn::Join": [
            "",
            [
              "apigateway.",
              {
                "Ref": "AWS::URLSuffix"
              }
            ]
          ]
        },
        "SourceArn": {
          "Fn::Join": [
            "",
            [
              "arn:",
              {
                "Ref": "AWS::Partition"
              },
              ":execute-api:",
              {
                "Ref": "AWS::Region"
              },
              ":",
              {
                "Ref": "AWS::AccountId"
              },
              ":",
              {
                "Ref": "ApiGatewayRestApi"
              },
              "/*/*"
            ]
          ]
        }
      }
    },
    "DeleteUserLambdaPermissionApiGateway": {
      "Type": "AWS::Lambda::Permission",
      "Properties": {
        "FunctionName": {
          "Fn::GetAtt": [
            "DeleteUserLambdaFunction",
            "Arn"
          ]
        },
        "Action": "lambda:InvokeFunction",
        "Principal": {
          "Fn::Join": [
            "",
            [
              "apigateway.",
              {
                "Ref": "AWS::URLSuffix"
              }
            ]
          ]
        },
        "SourceArn": {
          "Fn::Join": [
            "",
            [
              "arn:",
              {
                "Ref": "AWS::Partition"
              },
              ":execute-api:",
              {
                "Ref": "AWS::Region"
              },
              ":",
              {
                "Ref": "AWS::AccountId"
              },
              ":",
              {
                "Ref": "ApiGatewayRestApi"
              },
              "/*/*"
            ]
          ]
        }
      }
    },
    "Usuarios": {
      "Type": "AWS::DynamoDB::Table",
      "Properties": {
        "AttributeDefinitions": [
          {
            "AttributeName": "id",
            "AttributeType": "S"
          },
          {
            "AttributeName": "username",
            "AttributeType": "S"
          }
        ],
        "KeySchema": [
          {
            "AttributeName": "id",
            "KeyType": "HASH"
          }
        ],
        "GlobalSecondaryIndexes": [
          {
            "IndexName": "username-index",
            "KeySchema": [
              {
                "AttributeName": "username",
                "KeyType": "HASH"
              }
            ],
            "Projection": {
              "ProjectionType": "KEYS_ONLY"
            },
            "ProvisionedThroughput": {
              "ReadCapacityUnits": 1,
              "WriteCapacityUnits": 1
            }
          }
        ],
        "ProvisionedThroughput": {
          "ReadCapacityUnits": 1,
          "WriteCapacityUnits": 1
        },
        "TableName": "Usuarios-dev"
      }
    }
  },
  "Outputs": {
    "ServerlessDeploymentBucketName": {
      "Value": {
        "Ref": "ServerlessDeploymentBucket"
      }
    },
    "LoginLambdaFunctionQualifiedArn": {
      "Description": "Current Lambda function version",
      "Value": {
        "Ref": "LoginLambdaVersioniiPgZHv44hIo3SMswBeToMi34gQyBm8WSGV2pnY"
      }
    },
    "CreateUserLambdaFunctionQualifiedArn": {
      "Description": "Current Lambda function version",
      "Value": {
        "Ref": "CreateUserLambdaVersion4XnqcDR2jP3oOyPfKunsyHCrL7EXjpv6G0zxhVxaY"
      }
    },
    "DeleteUserLambdaFunctionQualifiedArn": {
      "Description": "Current Lambda function version",
      "Value": {
        "Ref": "DeleteUserLambdaVersionfxhJQ06iCfb73K7DylCLn1VkI0q0xbByqp35xDhOM"
      }
    },
    "ServiceEndpoint": {
      "Description": "URL of the service endpoint",
      "Value": {
        "Fn::Join": [
          "",
          [
            "https://",
            {
              "Ref": "ApiGatewayRestApi"
            },
            ".execute-api.us-east-2.",
            {
              "Ref": "AWS::URLSuffix"
            },
            "/dev"
          ]
        ]
      }
    }
  }
}